sender_id,receiver_id,amount,transaction_type,sender_fraud_history,receiver_fraud_history,is_sender_fraud,is_receiver_fraud,is_fraud
6897,2965,1692,NETBANKING,1,1,1,1,1
5532,8993,41354,NETBANKING,1,1,1,1,1
8382,2968,31323,UPI,0,1,0,1,1
2967,6567,33682,CARD,1,0,1,0,1
9213,3455,34192,NETBANKING,0,0,0,0,0
5792,1931,26763,UPI,0,1,0,1,1
6973,6372,44789,UPI,0,1,0,1,1
6982,7159,19168,NETBANKING,1,1,1,1,1
3442,5903,25741,NETBANKING,1,1,1,1,1
5136,7064,11730,UPI,1,1,1,1,1
1881,9618,38816,UPI,1,1,1,1,1
7801,4202,13939,UPI,0,1,0,1,1
7245,1620,36715,UPI,0,1,0,1,1
5559,8172,8240,CARD,0,1,0,1,1
5699,5590,7210,NETBANKING,0,1,0,1,1
1102,9509,44381,CARD,1,0,1,0,1
5695,2303,22376,CARD,0,0,0,0,0
3522,9413,24802,CARD,0,0,0,0,0
4134,2183,42646,NETBANKING,1,1,1,1,1
3815,3706,26312,UPI,0,1,0,1,1
1294,2818,30819,NETBANKING,1,1,1,1,1
5018,5189,26106,UPI,1,0,1,0,1
8205,3984,5547,CARD,1,0,1,0,1
7738,1337,21347,UPI,1,1,1,1,1
6112,3767,42981,UPI,1,0,1,0,1
2520,7122,46873,UPI,1,1,1,1,1
6269,4066,35838,NETBANKING,1,0,1,0,1
4037,9388,29491,NETBANKING,0,1,0,1,1
5331,3783,10017,UPI,0,0,0,0,0
5272,8984,5086,CARD,1,0,1,0,1
5349,4725,46115,NETBANKING,1,1,1,1,1
5969,3015,15130,UPI,1,0,1,0,1
6734,2703,33549,UPI,0,0,0,0,0
4947,2340,8464,UPI,1,1,1,1,1
6503,9920,40305,NETBANKING,1,0,1,0,1
8130,2478,8729,NETBANKING,0,0,0,0,0
4436,8303,48949,CARD,0,1,0,1,1
4286,8839,44827,UPI,0,0,0,0,0
8441,6882,28987,CARD,0,1,0,1,1
2958,5476,11015,NETBANKING,0,0,0,0,0
5504,2341,39231,NETBANKING,1,0,1,0,1
5434,1553,35317,NETBANKING,1,1,1,1,1
3334,4242,3184,NETBANKING,0,0,0,0,0
6917,7461,14958,CARD,0,0,0,0,0
4793,7230,22024,CARD,1,0,1,0,1
8789,8335,7276,NETBANKING,1,0,1,0,1
3843,7296,23235,UPI,1,1,1,1,1
1010,6627,1229,UPI,0,0,0,0,0
3543,5986,15023,UPI,1,0,1,0,1
7666,6028,24701,UPI,0,0,0,0,0
9946,7558,18073,NETBANKING,1,0,1,0,1
3710,5047,23433,NETBANKING,0,0,0,0,0
5519,1880,11462,UPI,0,1,0,1,1
2825,7329,15212,UPI,1,0,1,0,1
9224,6147,33898,CARD,0,0,0,0,0
7353,2021,36713,NETBANKING,0,1,0,1,1
2789,3164,15635,UPI,1,1,1,1,1
5313,7630,7680,NETBANKING,1,1,1,1,1
7488,4566,1287,CARD,1,1,1,1,1
7518,1540,11441,CARD,1,0,1,0,1
5461,8397,17203,UPI,0,0,0,0,0
2578,7156,2432,UPI,1,0,1,0,1
3438,8444,31574,CARD,1,0,1,0,1
9963,7594,12492,UPI,1,1,1,1,1
7401,9889,35998,UPI,0,0,0,0,0
8004,7154,40209,UPI,0,1,0,1,1
3215,6641,48383,CARD,0,0,0,0,0
5218,9978,7922,NETBANKING,0,0,0,0,0
7859,1853,35125,NETBANKING,0,0,0,0,0
7722,3878,5872,UPI,1,0,1,0,1
7851,4549,31180,UPI,1,0,1,0,1
6505,3267,42552,CARD,1,1,1,1,1
6226,8562,32398,NETBANKING,0,1,0,1,1
5157,2771,25311,UPI,0,0,0,0,0
4063,7274,8701,UPI,1,1,1,1,1
8598,2804,47674,NETBANKING,0,0,0,0,0
6855,8904,48890,UPI,0,0,0,0,0
8929,5049,28004,UPI,1,1,1,1,1
4230,1110,17996,NETBANKING,0,1,0,1,1
2640,2922,46456,NETBANKING,0,0,0,0,0
8301,7176,7833,NETBANKING,1,1,1,1,1
4690,9610,12246,CARD,0,0,0,0,0
9748,4836,6270,CARD,0,1,0,1,1
6760,7114,13248,CARD,0,0,0,0,0
8886,5623,3933,UPI,0,0,0,0,0
8600,8026,3349,CARD,1,0,1,0,1
4577,4584,18332,CARD,1,1,1,1,1
5622,7905,26207,NETBANKING,0,1,0,1,1
3277,5587,40579,UPI,0,0,0,0,0
8432,2279,48543,NETBANKING,0,0,0,0,0
8818,7006,46393,NETBANKING,1,1,1,1,1
6556,8875,13084,CARD,1,1,1,1,1
7831,6236,45933,CARD,1,0,1,0,1
5800,5049,13677,NETBANKING,1,0,1,0,1
3301,2272,3565,NETBANKING,1,0,1,0,1
4980,9035,13385,NETBANKING,1,0,1,0,1
1055,7744,34223,UPI,0,1,0,1,1
4694,5673,44485,UPI,0,1,0,1,1
7652,4419,23285,UPI,1,1,1,1,1
4329,1136,5716,NETBANKING,0,0,0,0,0
1457,6085,21954,UPI,0,1,0,1,1
7421,3405,27730,CARD,1,1,1,1,1
8439,3509,9606,CARD,1,0,1,0,1
9246,7395,14718,CARD,1,1,1,1,1
2345,3781,30866,UPI,0,1,0,1,1
9331,7388,7050,NETBANKING,0,1,0,1,1
1395,8382,2944,NETBANKING,0,0,0,0,0
4053,2479,2777,NETBANKING,0,1,0,1,1
5690,1792,38812,NETBANKING,1,1,1,1,1
8692,1116,21019,CARD,1,1,1,1,1
5045,6192,14652,NETBANKING,0,0,0,0,0
6438,1842,39755,CARD,0,1,0,1,1
8172,3966,1436,CARD,0,0,0,0,0
6782,3213,27122,NETBANKING,1,1,1,1,1
9104,1530,31680,NETBANKING,0,0,0,0,0
4929,8889,20259,UPI,1,1,1,1,1
1052,3205,19243,CARD,1,1,1,1,1
6922,5501,8641,NETBANKING,1,0,1,0,1
2682,7475,6465,CARD,0,1,0,1,1
5451,2582,15790,UPI,0,0,0,0,0
5436,5281,17362,NETBANKING,1,1,1,1,1
6791,9018,2622,CARD,1,0,1,0,1
5983,2059,3808,NETBANKING,0,1,0,1,1
7353,3218,12650,NETBANKING,1,0,1,0,1
1395,3620,5084,NETBANKING,1,0,1,0,1
4937,5923,26269,UPI,1,1,1,1,1
7428,1628,29939,NETBANKING,1,1,1,1,1
7970,4200,24670,NETBANKING,1,0,1,0,1
9889,8211,2433,CARD,0,0,0,0,0
1670,2484,17660,UPI,1,0,1,0,1
5964,6226,32321,NETBANKING,0,0,0,0,0
3477,8828,22372,NETBANKING,1,0,1,0,1
4302,7670,2724,CARD,1,1,1,1,1
9666,1954,31525,NETBANKING,1,1,1,1,1
6361,1597,30513,CARD,1,0,1,0,1
2204,4154,24966,NETBANKING,0,1,0,1,1
1848,6924,46712,CARD,0,1,0,1,1
5675,8360,10740,UPI,0,1,0,1,1
3249,4281,39595,CARD,1,0,1,0,1
2196,7334,19426,NETBANKING,0,0,0,0,0
8408,7021,22055,UPI,0,0,0,0,0
8995,8367,2555,CARD,1,1,1,1,1
8016,6525,42386,CARD,0,1,0,1,1
2415,3577,42870,UPI,1,0,1,0,1
1102,8438,19208,CARD,0,0,0,0,0
1104,3748,18875,UPI,1,0,1,0,1
3062,3152,1840,CARD,1,0,1,0,1
6019,6810,27055,CARD,1,1,1,1,1
3639,6067,4975,UPI,0,0,0,0,0
1552,2654,32783,UPI,0,1,0,1,1
7334,4101,28728,CARD,0,1,0,1,1
6413,3123,27854,UPI,1,1,1,1,1
1294,2472,25884,NETBANKING,0,1,0,1,1
9414,9221,2841,NETBANKING,1,0,1,0,1
7100,9629,11101,UPI,0,0,0,0,0
4301,7303,46811,NETBANKING,0,0,0,0,0
4704,2445,2557,UPI,0,1,0,1,1
6720,3805,45336,NETBANKING,0,1,0,1,1
1213,3096,1373,UPI,0,0,0,0,0
8266,2879,12194,CARD,1,0,1,0,1
5819,2926,11832,UPI,0,1,0,1,1
1028,7223,29418,UPI,1,0,1,0,1
7979,5312,40677,UPI,1,0,1,0,1
2524,2562,26779,UPI,1,0,1,0,1
2949,6265,24579,NETBANKING,0,1,0,1,1
5227,1670,5130,UPI,0,1,0,1,1
1650,5122,10703,CARD,0,1,0,1,1
6891,4283,19393,UPI,1,0,1,0,1
2874,3135,13193,CARD,0,0,0,0,0
2384,4396,43565,CARD,1,0,1,0,1
3708,8668,49756,UPI,1,1,1,1,1
4536,9846,36243,CARD,0,1,0,1,1
2484,1233,204,NETBANKING,1,1,1,1,1
6829,4511,26023,UPI,0,1,0,1,1
8166,2207,9271,NETBANKING,0,0,0,0,0
5252,3064,23108,CARD,1,1,1,1,1
8046,6299,11487,NETBANKING,0,1,0,1,1
7314,2910,37738,NETBANKING,0,1,0,1,1
1823,6216,38302,NETBANKING,0,0,0,0,0
7385,2868,41267,NETBANKING,0,0,0,0,0
6544,6766,19219,UPI,0,0,0,0,0
8972,5153,15074,CARD,0,0,0,0,0
2603,2422,29321,UPI,1,0,1,0,1
6412,9224,537,CARD,1,0,1,0,1
4582,1488,10981,NETBANKING,1,0,1,0,1
2702,2876,32492,CARD,0,1,0,1,1
7276,2909,36988,NETBANKING,0,0,0,0,0
2942,8967,47796,NETBANKING,0,0,0,0,0
5773,3908,9510,NETBANKING,0,1,0,1,1
4245,9211,30244,CARD,1,1,1,1,1
3697,4565,46582,NETBANKING,1,1,1,1,1
2805,7509,23281,NETBANKING,0,0,0,0,0
8516,4782,42932,NETBANKING,0,1,0,1,1
5203,1767,4694,UPI,1,1,1,1,1
5892,7247,18068,UPI,1,1,1,1,1
1266,4858,45750,UPI,0,0,0,0,0
4915,1188,30878,NETBANKING,1,0,1,0,1
7116,9796,8167,CARD,1,0,1,0,1
7680,7425,3306,CARD,1,1,1,1,1
3847,1546,2328,CARD,1,1,1,1,1
9162,2721,43158,UPI,0,1,0,1,1
9675,4535,32863,UPI,1,0,1,0,1
7485,6609,22714,NETBANKING,1,0,1,0,1
9022,7892,38394,NETBANKING,1,1,1,1,1
4920,6759,36147,CARD,1,0,1,0,1
8438,5663,34186,CARD,0,1,0,1,1
5065,9544,38315,UPI,0,0,0,0,0
4886,6134,10679,CARD,0,0,0,0,0
1227,4384,2060,NETBANKING,0,1,0,1,1
4418,6209,16105,UPI,0,0,0,0,0
9386,3930,19654,CARD,1,0,1,0,1
7151,8681,47482,NETBANKING,0,1,0,1,1
6346,1149,39446,NETBANKING,0,0,0,0,0
4883,3572,11093,CARD,0,0,0,0,0
4521,5629,23110,NETBANKING,0,1,0,1,1
1018,8987,37268,NETBANKING,1,0,1,0,1
3743,1679,32989,UPI,0,1,0,1,1
5286,7059,36484,CARD,1,0,1,0,1
6375,7403,39188,UPI,0,1,0,1,1
6393,5418,4312,CARD,0,1,0,1,1
1846,7386,46068,UPI,1,0,1,0,1
1746,6729,43622,UPI,1,0,1,0,1
7657,1833,16299,NETBANKING,1,0,1,0,1
8259,7320,29709,UPI,1,1,1,1,1
1674,4417,31762,CARD,1,0,1,0,1
6697,8557,3769,CARD,1,1,1,1,1
7310,7679,35710,UPI,0,0,0,0,0
5186,2672,42047,NETBANKING,1,0,1,0,1
8745,5421,11251,CARD,0,0,0,0,0
7434,9883,10180,NETBANKING,1,1,1,1,1
1771,6825,2549,CARD,1,0,1,0,1
5084,3795,8319,CARD,0,0,0,0,0
2843,4375,42459,UPI,0,0,0,0,0
4457,8786,2999,CARD,0,1,0,1,1
7795,8975,36889,UPI,0,0,0,0,0
7772,6491,25821,NETBANKING,0,0,0,0,0
4423,9203,19640,CARD,1,1,1,1,1
6639,4913,8824,UPI,0,1,0,1,1
4433,8413,18982,NETBANKING,1,0,1,0,1
8157,7686,20404,CARD,0,1,0,1,1
5160,6183,26499,CARD,1,1,1,1,1
4130,2154,14049,CARD,0,0,0,0,0
1640,8829,31707,CARD,0,1,0,1,1
2370,8966,35174,UPI,1,1,1,1,1
8346,2041,23005,CARD,1,1,1,1,1
8234,3083,4002,UPI,1,1,1,1,1
7498,1889,32692,UPI,0,1,0,1,1
4577,7773,18220,CARD,0,0,0,0,0
7591,8970,3631,UPI,0,0,0,0,0
8891,1012,13656,CARD,1,0,1,0,1
3000,4778,25372,UPI,0,1,0,1,1
1495,6216,7486,UPI,0,1,0,1,1
3046,6929,32296,CARD,0,0,0,0,0
8172,3437,28749,NETBANKING,1,1,1,1,1
7274,8709,33808,UPI,0,1,0,1,1
6596,6085,31422,NETBANKING,1,1,1,1,1
9293,5099,17983,CARD,0,1,0,1,1
2890,5446,18097,UPI,0,0,0,0,0
8509,6958,43399,NETBANKING,1,0,1,0,1
7648,7762,35981,UPI,1,0,1,0,1
4228,2213,40783,CARD,1,0,1,0,1
6745,9941,4939,CARD,1,1,1,1,1
4964,6965,15265,CARD,0,0,0,0,0
1782,2773,17950,NETBANKING,0,0,0,0,0
4318,4722,15975,UPI,1,0,1,0,1
4082,9859,7332,NETBANKING,0,1,0,1,1
8982,4492,35553,UPI,0,0,0,0,0
7092,3371,40970,CARD,1,1,1,1,1
3586,5187,22412,CARD,1,0,1,0,1
9953,8997,40473,CARD,0,0,0,0,0
6851,4939,44984,UPI,0,1,0,1,1
9486,6730,15693,NETBANKING,1,1,1,1,1
5121,3477,5230,NETBANKING,0,1,0,1,1
4495,8653,19558,UPI,1,1,1,1,1
6248,7391,13559,CARD,1,0,1,0,1
7190,7108,34344,NETBANKING,0,0,0,0,0
9165,7666,36131,CARD,1,1,1,1,1
4860,3270,2444,CARD,0,0,0,0,0
7005,8180,25052,NETBANKING,1,1,1,1,1
8767,6657,6134,UPI,1,0,1,0,1
2334,7889,9709,NETBANKING,0,0,0,0,0
3754,8965,45140,CARD,1,0,1,0,1
2737,1094,4962,NETBANKING,0,1,0,1,1
8910,1186,30519,CARD,1,1,1,1,1
2870,5793,15005,NETBANKING,1,0,1,0,1
4778,8538,32429,UPI,1,1,1,1,1
4536,6807,26426,NETBANKING,0,0,0,0,0
2306,9563,6853,CARD,1,1,1,1,1
5849,3159,15004,UPI,1,1,1,1,1
9366,4398,9190,NETBANKING,1,1,1,1,1
7696,9096,41719,NETBANKING,0,0,0,0,0
6907,7191,556,NETBANKING,0,0,0,0,0
9833,5221,23952,UPI,1,0,1,0,1
7855,5297,36548,NETBANKING,1,1,1,1,1
5951,6843,33253,CARD,1,0,1,0,1
2710,8591,12216,NETBANKING,0,1,0,1,1
1068,4179,49715,NETBANKING,1,1,1,1,1
9622,4540,25975,UPI,1,1,1,1,1
6399,6773,14362,UPI,0,1,0,1,1
5144,9035,28993,NETBANKING,1,0,1,0,1
9646,6711,14857,NETBANKING,1,1,1,1,1
5123,4736,47036,NETBANKING,1,0,1,0,1
2100,4824,23662,CARD,0,0,0,0,0
3670,2922,24000,CARD,1,1,1,1,1
4198,7008,16014,CARD,0,0,0,0,0
2224,8631,20897,CARD,1,1,1,1,1
3356,5841,20226,CARD,1,0,1,0,1
6680,6343,41218,NETBANKING,1,1,1,1,1
8895,3000,27017,UPI,1,1,1,1,1
5317,4637,38359,UPI,1,0,1,0,1
4837,3781,25110,NETBANKING,0,1,0,1,1
1039,4113,17162,NETBANKING,1,1,1,1,1
6096,8285,40236,UPI,1,0,1,0,1
2321,3099,48496,UPI,0,1,0,1,1
5262,8748,21522,UPI,1,0,1,0,1
1769,3542,8767,UPI,0,1,0,1,1
2554,9656,46610,UPI,1,1,1,1,1
5141,5298,47228,CARD,1,0,1,0,1
2201,7693,11610,NETBANKING,0,0,0,0,0
7509,3690,35125,CARD,0,0,0,0,0
8221,5179,23468,NETBANKING,0,1,0,1,1
5242,1127,19484,UPI,1,0,1,0,1
3842,8305,8414,UPI,0,1,0,1,1
6597,5524,26971,CARD,0,0,0,0,0
9512,2241,3988,CARD,0,0,0,0,0
1023,3428,26230,NETBANKING,1,1,1,1,1
6564,3766,618,UPI,1,1,1,1,1
4295,3884,13270,NETBANKING,1,0,1,0,1
5088,2776,44955,UPI,0,1,0,1,1
2557,4453,1314,NETBANKING,1,0,1,0,1
7585,8363,9104,NETBANKING,0,1,0,1,1
9079,7372,26355,NETBANKING,1,1,1,1,1
4906,1203,44517,UPI,1,0,1,0,1
9147,2662,22528,NETBANKING,1,0,1,0,1
2539,4831,34014,CARD,0,1,0,1,1
1682,7447,3905,UPI,0,0,0,0,0
1763,8711,5388,NETBANKING,1,0,1,0,1
4790,9871,386,NETBANKING,0,0,0,0,0
1921,8205,41668,CARD,0,0,0,0,0
7404,7132,12244,UPI,1,0,1,0,1
5656,2492,38618,CARD,0,1,0,1,1
4690,1007,41781,UPI,0,0,0,0,0
6894,7121,49985,CARD,1,0,1,0,1
8578,8538,1061,CARD,1,0,1,0,1
9805,6424,23907,CARD,1,0,1,0,1
1570,3253,44236,CARD,0,0,0,0,0
7619,8819,12340,CARD,0,1,0,1,1
4266,3016,1800,CARD,0,0,0,0,0
2829,9016,44425,CARD,1,1,1,1,1
7577,2660,11594,CARD,1,0,1,0,1
4087,6684,1207,NETBANKING,1,0,1,0,1
4025,8464,29908,NETBANKING,0,0,0,0,0
1235,9053,38881,NETBANKING,1,1,1,1,1
1619,7620,29605,NETBANKING,0,0,0,0,0
6332,3040,15227,UPI,1,1,1,1,1
4627,8624,23800,UPI,0,0,0,0,0
8103,1342,32681,NETBANKING,1,0,1,0,1
5695,7564,27203,CARD,1,1,1,1,1
3144,7664,28450,NETBANKING,1,1,1,1,1
5904,4169,20544,NETBANKING,0,1,0,1,1
2562,1878,22687,UPI,0,1,0,1,1
2219,2063,15622,UPI,0,0,0,0,0
1842,1054,10054,CARD,1,1,1,1,1
2362,8710,26248,NETBANKING,0,1,0,1,1
9177,5573,38238,CARD,1,1,1,1,1
5860,3732,11838,CARD,0,1,0,1,1
2433,9212,45538,CARD,0,1,0,1,1
7232,9404,33334,NETBANKING,1,1,1,1,1
5076,7311,10189,NETBANKING,0,0,0,0,0
7872,8818,22454,NETBANKING,0,1,0,1,1
4816,3372,11919,CARD,1,0,1,0,1
7852,3503,20001,CARD,1,1,1,1,1
4464,7481,30961,UPI,1,1,1,1,1
9192,7588,15881,CARD,0,0,0,0,0
7338,9585,29761,CARD,1,0,1,0,1
1263,7215,46102,CARD,1,0,1,0,1
5056,1578,4180,CARD,0,0,0,0,0
8374,6818,2920,NETBANKING,0,1,0,1,1
6292,6460,48763,UPI,1,1,1,1,1
9959,9923,5284,CARD,0,0,0,0,0
2778,8659,20215,CARD,1,0,1,0,1
6670,1607,39123,CARD,1,1,1,1,1
7195,1963,17885,CARD,0,0,0,0,0
3938,1293,31073,NETBANKING,1,1,1,1,1
8263,5478,14768,NETBANKING,1,1,1,1,1
9962,5458,20950,CARD,0,0,0,0,0
7776,1914,15814,UPI,0,1,0,1,1
3278,5637,13605,CARD,0,0,0,0,0
5557,8101,1805,NETBANKING,0,1,0,1,1
6379,2145,3302,CARD,0,1,0,1,1
5112,6080,26209,UPI,0,0,0,0,0
3687,5999,37299,UPI,1,0,1,0,1
7012,7519,21236,CARD,0,1,0,1,1
7442,3234,1445,CARD,0,1,0,1,1
7763,4620,33997,NETBANKING,0,0,0,0,0
6610,4806,22210,CARD,1,0,1,0,1
3941,2175,27907,NETBANKING,1,1,1,1,1
4612,3747,13936,UPI,1,1,1,1,1
1662,6638,13878,CARD,1,1,1,1,1
7060,7561,19647,UPI,1,1,1,1,1
3870,5301,8248,UPI,1,0,1,0,1
4643,1466,28307,UPI,1,0,1,0,1
7789,1724,48058,NETBANKING,0,1,0,1,1
7921,9130,703,UPI,1,1,1,1,1
8560,8817,8110,CARD,1,0,1,0,1
3531,1414,25038,CARD,0,0,0,0,0
8127,7546,22194,UPI,0,0,0,0,0
5294,9976,18465,UPI,0,1,0,1,1
3792,1351,24484,NETBANKING,1,1,1,1,1
3193,1149,42046,UPI,1,1,1,1,1
2650,5802,33425,UPI,0,0,0,0,0
1126,1466,34409,UPI,1,1,1,1,1
9866,3873,32984,CARD,1,0,1,0,1
1327,6703,18652,CARD,1,1,1,1,1
4632,2459,40439,UPI,0,1,0,1,1
1956,4610,17070,UPI,0,0,0,0,0
8692,4566,6070,CARD,0,0,0,0,0
3577,1392,45997,NETBANKING,0,1,0,1,1
7524,2924,38478,UPI,0,0,0,0,0
5789,1396,13510,NETBANKING,1,1,1,1,1
1406,6055,30889,UPI,1,0,1,0,1
4709,5260,1432,UPI,1,1,1,1,1
9911,6021,18455,NETBANKING,0,1,0,1,1
7737,7499,8711,UPI,1,1,1,1,1
1304,4377,38085,UPI,0,0,0,0,0
2617,8044,33262,CARD,1,0,1,0,1
3613,1478,10525,CARD,1,0,1,0,1
6389,9724,7726,NETBANKING,1,1,1,1,1
2992,7941,27625,CARD,1,1,1,1,1
6399,6789,37070,CARD,0,1,0,1,1
1576,1876,8876,NETBANKING,0,1,0,1,1
3736,7112,2336,CARD,0,0,0,0,0
8623,9324,14378,UPI,1,0,1,0,1
4251,6509,6322,NETBANKING,1,1,1,1,1
8502,9005,13466,NETBANKING,0,0,0,0,0
9972,8905,48421,CARD,1,0,1,0,1
2077,3207,6439,NETBANKING,1,1,1,1,1
9717,6425,43345,UPI,1,1,1,1,1
1450,5462,47393,CARD,0,1,0,1,1
8128,9813,46688,CARD,0,1,0,1,1
4110,1937,10346,CARD,1,0,1,0,1
6177,4084,33916,CARD,1,0,1,0,1
1595,4503,16590,NETBANKING,1,1,1,1,1
3663,5466,31028,NETBANKING,0,0,0,0,0
2384,7549,21837,UPI,0,0,0,0,0
6880,4605,2754,UPI,1,0,1,0,1
4699,8436,21501,UPI,1,0,1,0,1
5976,8868,12893,NETBANKING,1,0,1,0,1
8465,7509,35937,CARD,1,0,1,0,1
1884,4899,45137,CARD,0,0,0,0,0
9040,3407,20229,UPI,1,1,1,1,1
8733,7073,39789,CARD,0,1,0,1,1
6235,3233,21969,CARD,1,1,1,1,1
9019,5260,14993,UPI,1,0,1,0,1
6388,7621,48412,CARD,1,1,1,1,1
8187,7975,34202,CARD,1,1,1,1,1
5181,3645,48914,CARD,1,0,1,0,1
6237,5432,3158,CARD,1,1,1,1,1
8897,9953,11999,NETBANKING,1,0,1,0,1
2489,2457,17905,NETBANKING,0,1,0,1,1
9957,7360,2135,CARD,1,0,1,0,1
3574,7314,31239,NETBANKING,1,0,1,0,1
2011,5399,25700,UPI,0,1,0,1,1
2850,1081,13020,UPI,1,0,1,0,1
6094,9793,29038,CARD,0,0,0,0,0
2097,4257,13903,UPI,1,0,1,0,1
4281,5458,29466,NETBANKING,0,0,0,0,0
9886,3096,26565,CARD,0,1,0,1,1
6535,9605,5792,CARD,0,0,0,0,0
5016,7185,19465,UPI,1,1,1,1,1
7449,2021,28734,UPI,0,0,0,0,0
7119,5527,26649,UPI,0,1,0,1,1
3104,6614,3959,CARD,0,0,0,0,0
3561,9002,14092,NETBANKING,0,0,0,0,0
4565,8666,36698,NETBANKING,1,0,1,0,1
3733,3871,12721,UPI,1,1,1,1,1
1040,9865,4115,NETBANKING,1,1,1,1,1
8588,8889,22897,NETBANKING,1,1,1,1,1
3688,5611,15447,UPI,1,0,1,0,1
5848,5145,34854,NETBANKING,1,0,1,0,1
3294,7106,5483,NETBANKING,0,1,0,1,1
5895,2275,5003,UPI,0,1,0,1,1
7915,7603,45122,UPI,0,0,0,0,0
7030,6465,28291,NETBANKING,0,1,0,1,1
7257,4402,31014,UPI,1,1,1,1,1
8508,6097,36954,NETBANKING,1,0,1,0,1
9403,1438,1423,NETBANKING,0,1,0,1,1
1874,1010,4555,NETBANKING,1,0,1,0,1
3853,7316,16699,UPI,0,1,0,1,1
5020,7357,2922,UPI,1,0,1,0,1
7112,9739,12322,NETBANKING,0,0,0,0,0
5283,1625,28336,UPI,1,1,1,1,1
7116,7574,48798,NETBANKING,1,1,1,1,1
9870,6432,26052,NETBANKING,1,1,1,1,1
1712,5620,30301,CARD,0,1,0,1,1
3703,8653,20446,NETBANKING,1,0,1,0,1
5993,6317,35470,CARD,1,1,1,1,1
1838,8270,11939,CARD,1,0,1,0,1
7298,9760,9848,NETBANKING,1,1,1,1,1
5088,9132,4609,CARD,0,0,0,0,0
4112,3770,751,UPI,1,0,1,0,1
8171,7142,47355,UPI,1,1,1,1,1
1713,2570,42380,NETBANKING,0,1,0,1,1
1801,4431,47752,NETBANKING,1,0,1,0,1
7040,3262,30153,CARD,1,0,1,0,1
7952,3560,38605,CARD,1,0,1,0,1
6300,8802,38692,NETBANKING,1,0,1,0,1
6781,2318,44477,UPI,0,0,0,0,0
2756,5583,15755,CARD,1,1,1,1,1
3256,9155,40704,NETBANKING,0,0,0,0,0
7367,6596,23666,CARD,1,0,1,0,1
3914,3673,3011,NETBANKING,1,0,1,0,1
3438,3998,42142,UPI,1,1,1,1,1
5046,6588,40867,NETBANKING,0,1,0,1,1
8135,4360,28417,CARD,0,1,0,1,1
2184,9627,36979,NETBANKING,0,0,0,0,0
9621,3292,36166,UPI,1,0,1,0,1
9372,8353,40570,CARD,1,0,1,0,1
8251,4215,16495,NETBANKING,0,1,0,1,1
7010,6924,47210,NETBANKING,1,1,1,1,1
2740,1963,12532,CARD,0,1,0,1,1
6302,2802,20380,NETBANKING,0,1,0,1,1
6713,1326,30555,CARD,0,0,0,0,0
3430,3925,15333,CARD,0,0,0,0,0
7501,3309,42609,UPI,0,1,0,1,1
9412,8015,26147,UPI,1,1,1,1,1
6319,7643,33542,CARD,1,1,1,1,1
1810,8309,35990,NETBANKING,1,0,1,0,1
6859,3314,27305,UPI,0,1,0,1,1
5823,1822,12766,NETBANKING,1,1,1,1,1
4517,7101,41909,UPI,1,0,1,0,1
8253,6068,386,NETBANKING,1,1,1,1,1
9511,4187,32047,UPI,1,0,1,0,1
7113,6081,1776,UPI,0,0,0,0,0
6177,3867,40132,CARD,0,0,0,0,0
5777,8350,9034,NETBANKING,1,0,1,0,1
7912,2974,47777,CARD,0,1,0,1,1
3404,4237,14416,CARD,0,0,0,0,0
1435,2967,25021,UPI,0,0,0,0,0
4030,9373,45228,CARD,0,0,0,0,0
4737,6731,2025,CARD,1,0,1,0,1
8246,8466,32731,UPI,1,0,1,0,1
4038,2867,16779,NETBANKING,0,1,0,1,1
6637,1367,38186,NETBANKING,1,1,1,1,1
8528,3936,18135,NETBANKING,1,1,1,1,1
1078,2684,29848,NETBANKING,0,0,0,0,0
9518,9068,10352,NETBANKING,1,0,1,0,1
5160,8572,21056,UPI,0,1,0,1,1
9299,4373,11458,UPI,1,1,1,1,1
2626,7532,19784,CARD,1,1,1,1,1
7212,7445,30112,NETBANKING,0,1,0,1,1
3654,6866,32227,NETBANKING,0,1,0,1,1
4933,2794,2240,NETBANKING,1,0,1,0,1
7526,7244,16847,CARD,1,1,1,1,1
8497,5046,687,UPI,0,0,0,0,0
6963,6374,26336,CARD,0,1,0,1,1
6676,7414,44655,CARD,0,1,0,1,1
7238,9181,21293,UPI,0,0,0,0,0
4704,6897,14945,NETBANKING,1,1,1,1,1
8513,1435,14055,CARD,1,1,1,1,1
9997,2340,17385,NETBANKING,1,1,1,1,1
7177,5509,20221,CARD,1,0,1,0,1
3652,3872,28181,NETBANKING,0,1,0,1,1
1293,9205,16080,NETBANKING,1,1,1,1,1
5243,1229,8805,CARD,1,1,1,1,1
6461,1146,22297,NETBANKING,1,1,1,1,1
6327,5946,33271,UPI,1,0,1,0,1
2287,9712,9993,NETBANKING,1,1,1,1,1
6201,5832,30255,NETBANKING,0,0,0,0,0
3399,8496,990,CARD,0,1,0,1,1
4018,7614,6315,NETBANKING,1,1,1,1,1
1195,1804,17503,NETBANKING,1,0,1,0,1
1452,4945,11283,UPI,1,0,1,0,1
9434,5175,27964,CARD,1,0,1,0,1
7102,1788,26775,CARD,1,1,1,1,1
1330,4923,49380,CARD,0,1,0,1,1
2107,6215,44919,CARD,1,0,1,0,1
9754,6590,10529,UPI,0,0,0,0,0
1853,1148,39426,NETBANKING,1,0,1,0,1
7272,1220,5281,CARD,0,1,0,1,1
4297,5265,13169,CARD,1,1,1,1,1
3578,1343,15341,NETBANKING,1,1,1,1,1
3103,8757,15570,CARD,1,1,1,1,1
2363,1825,19487,NETBANKING,0,0,0,0,0
3632,2818,44487,UPI,0,0,0,0,0
4549,5874,3120,CARD,1,0,1,0,1
9816,5495,31919,NETBANKING,1,0,1,0,1
1141,5990,42287,UPI,1,0,1,0,1
1033,7370,9574,NETBANKING,0,1,0,1,1
8492,4916,48091,CARD,1,1,1,1,1
5202,6378,4068,UPI,0,0,0,0,0
8946,9919,38749,CARD,1,1,1,1,1
3596,5275,3510,CARD,0,0,0,0,0
6861,2733,13481,NETBANKING,1,1,1,1,1
5105,8245,16941,UPI,1,1,1,1,1
8962,5685,5093,NETBANKING,1,1,1,1,1
4058,4507,13762,CARD,1,0,1,0,1
9413,3352,38404,NETBANKING,1,1,1,1,1
5514,5098,7325,NETBANKING,0,0,0,0,0
2654,5870,1597,NETBANKING,1,1,1,1,1
8415,9665,4718,UPI,0,0,0,0,0
8990,2760,36239,CARD,1,1,1,1,1
1192,9425,31417,NETBANKING,0,1,0,1,1
3791,1201,6156,CARD,1,0,1,0,1
6029,3318,14721,CARD,1,1,1,1,1
4365,2128,16189,NETBANKING,1,0,1,0,1
1101,7460,18713,CARD,0,1,0,1,1
4836,6887,11496,NETBANKING,1,1,1,1,1
6613,4229,31112,CARD,0,1,0,1,1
5658,6944,29942,CARD,0,0,0,0,0
9884,1578,22921,CARD,1,0,1,0,1
6634,2215,41351,CARD,0,0,0,0,0
5705,9321,26313,CARD,1,0,1,0,1
7866,5745,40908,NETBANKING,1,0,1,0,1
8761,3667,3567,CARD,0,1,0,1,1
7232,6991,5851,NETBANKING,0,0,0,0,0
8389,5223,33258,UPI,1,0,1,0,1
4598,4402,38967,NETBANKING,0,1,0,1,1
1297,6512,30246,UPI,1,0,1,0,1
4826,3738,41712,NETBANKING,0,0,0,0,0
9404,7673,41143,UPI,0,1,0,1,1
5791,8442,30757,UPI,1,0,1,0,1
2914,3313,2079,CARD,1,1,1,1,1
5445,4915,21021,UPI,0,1,0,1,1
6823,8983,35860,UPI,1,0,1,0,1
9468,9712,42586,CARD,1,1,1,1,1
4360,1108,47888,UPI,1,0,1,0,1
4022,1618,3649,UPI,0,0,0,0,0
2810,6469,14690,CARD,0,1,0,1,1
1471,8670,8163,UPI,1,0,1,0,1
9927,9440,31034,CARD,0,1,0,1,1
7442,5243,32277,NETBANKING,1,0,1,0,1
2494,9941,39410,CARD,1,0,1,0,1
9310,3101,17805,NETBANKING,1,1,1,1,1
2350,2564,13499,CARD,0,1,0,1,1
5839,7787,19233,NETBANKING,1,1,1,1,1
2538,1852,3571,UPI,0,0,0,0,0
2713,9471,39249,NETBANKING,1,0,1,0,1
1465,6998,45131,NETBANKING,0,1,0,1,1
3444,6416,31383,NETBANKING,1,1,1,1,1
6846,9492,26101,UPI,0,1,0,1,1
2666,6335,24271,CARD,0,1,0,1,1
8473,6079,33867,NETBANKING,1,1,1,1,1
3817,4466,39024,NETBANKING,0,1,0,1,1
8857,6578,21845,CARD,0,0,0,0,0
5897,3993,36574,CARD,0,1,0,1,1
4831,7043,10500,NETBANKING,1,1,1,1,1
7225,2076,38554,NETBANKING,1,0,1,0,1
3564,2426,48061,NETBANKING,1,1,1,1,1
3778,7082,40466,NETBANKING,1,0,1,0,1
4872,5901,32824,CARD,0,0,0,0,0
4931,1443,46595,CARD,1,1,1,1,1
3379,2955,38108,NETBANKING,1,0,1,0,1
2752,1439,24413,CARD,0,0,0,0,0
4550,9380,3047,CARD,0,1,0,1,1
3941,8888,33493,NETBANKING,0,0,0,0,0
8437,7202,3237,UPI,1,1,1,1,1
1292,9729,47825,NETBANKING,0,0,0,0,0
2542,9420,24085,NETBANKING,1,0,1,0,1
2072,7949,40281,CARD,1,1,1,1,1
5863,4753,41247,CARD,1,0,1,0,1
5923,4544,3823,NETBANKING,1,0,1,0,1
7056,7825,18788,NETBANKING,1,0,1,0,1
5435,1475,21030,UPI,1,1,1,1,1
1422,5630,49473,NETBANKING,0,0,0,0,0
3478,1306,25962,CARD,0,0,0,0,0
9243,2809,24718,CARD,1,0,1,0,1
3700,3776,34083,NETBANKING,1,1,1,1,1
5197,4759,5569,UPI,1,0,1,0,1
3910,7650,11375,CARD,1,1,1,1,1
7466,3582,6084,CARD,0,0,0,0,0
3921,1827,15952,UPI,0,0,0,0,0
3355,6279,4630,UPI,0,0,0,0,0
3819,1406,25294,NETBANKING,0,1,0,1,1
8210,1568,8088,NETBANKING,0,1,0,1,1
3021,9925,28154,CARD,0,1,0,1,1
9880,6900,42111,UPI,0,1,0,1,1
3039,6451,19355,UPI,1,1,1,1,1
3880,3843,21602,CARD,0,1,0,1,1
7691,6220,43983,UPI,1,0,1,0,1
7434,1811,32351,CARD,0,0,0,0,0
3165,3098,12343,NETBANKING,0,0,0,0,0
3319,5835,7660,CARD,1,1,1,1,1
2009,1941,28451,UPI,0,1,0,1,1
5140,9038,36052,NETBANKING,1,1,1,1,1
2392,9560,41070,UPI,1,1,1,1,1
1173,9593,25907,NETBANKING,1,1,1,1,1
5148,9094,10093,UPI,0,1,0,1,1
7470,5773,15712,CARD,0,1,0,1,1
4140,5306,43248,UPI,1,0,1,0,1
3175,3270,49599,NETBANKING,1,1,1,1,1
7371,1136,48457,NETBANKING,1,1,1,1,1
3626,7127,20283,UPI,1,1,1,1,1
7219,6576,34615,NETBANKING,0,1,0,1,1
5580,8272,43080,CARD,1,0,1,0,1
9184,1446,41127,CARD,1,0,1,0,1
2176,2643,23200,UPI,1,0,1,0,1
6608,4774,37121,CARD,1,0,1,0,1
2680,9961,9599,CARD,0,1,0,1,1
5329,3499,7158,NETBANKING,1,1,1,1,1
3665,2059,38112,NETBANKING,0,1,0,1,1
2754,9433,27559,NETBANKING,1,0,1,0,1
7088,1333,33649,UPI,1,0,1,0,1
7604,5758,45906,UPI,0,1,0,1,1
4686,3743,15443,UPI,1,0,1,0,1
2813,7557,40319,CARD,1,0,1,0,1
5956,3257,6040,UPI,0,1,0,1,1
9888,7431,9873,UPI,0,1,0,1,1
2995,9768,30843,NETBANKING,1,0,1,0,1
9620,8094,47474,NETBANKING,0,1,0,1,1
5639,5851,40839,NETBANKING,1,1,1,1,1
8164,1467,44829,UPI,0,1,0,1,1
4392,2072,49262,CARD,0,0,0,0,0
5537,5290,25581,CARD,0,0,0,0,0
7422,3037,46886,NETBANKING,1,1,1,1,1
7076,8259,14416,CARD,0,1,0,1,1
3514,1035,31168,NETBANKING,1,1,1,1,1
8567,3272,20355,CARD,1,1,1,1,1
8855,6805,5065,NETBANKING,1,1,1,1,1
1193,3689,25317,NETBANKING,1,1,1,1,1
2348,5258,24141,NETBANKING,0,1,0,1,1
8315,5862,1503,NETBANKING,0,1,0,1,1
4403,9922,10832,UPI,1,0,1,0,1
6188,5621,28379,UPI,1,1,1,1,1
7380,4850,18757,UPI,0,1,0,1,1
6844,8027,29140,NETBANKING,0,0,0,0,0
2571,6622,12045,CARD,0,1,0,1,1
1214,2739,10740,CARD,0,1,0,1,1
3864,9665,45471,CARD,1,0,1,0,1
1068,9332,26342,NETBANKING,0,0,0,0,0
7496,8790,28543,NETBANKING,0,0,0,0,0
8804,7368,28958,NETBANKING,0,1,0,1,1
3921,4917,30489,CARD,1,1,1,1,1
2439,3394,13319,NETBANKING,0,1,0,1,1
5436,4010,4019,NETBANKING,1,0,1,0,1
4222,4478,44579,CARD,1,1,1,1,1
5093,3794,31144,CARD,0,0,0,0,0
7827,5155,4308,NETBANKING,1,0,1,0,1
5787,2013,32083,CARD,0,0,0,0,0
9297,4461,18226,CARD,1,1,1,1,1
4360,3123,5783,UPI,0,1,0,1,1
4559,3795,41380,NETBANKING,1,1,1,1,1
5982,2699,23894,NETBANKING,0,0,0,0,0
3733,5781,13639,NETBANKING,0,0,0,0,0
7009,6375,44504,UPI,1,0,1,0,1
6325,2458,29313,NETBANKING,0,0,0,0,0
4939,2467,15184,CARD,1,1,1,1,1
2714,7626,25696,NETBANKING,0,1,0,1,1
1790,3853,33070,UPI,0,1,0,1,1
1246,2039,10482,NETBANKING,1,0,1,0,1
9399,4922,21210,UPI,1,1,1,1,1
2980,9428,452,NETBANKING,1,0,1,0,1
3358,1340,45770,NETBANKING,0,1,0,1,1
8876,4227,407,NETBANKING,0,1,0,1,1
9232,5854,47261,NETBANKING,0,0,0,0,0
5789,8808,2461,NETBANKING,0,1,0,1,1
4910,5568,36499,CARD,1,0,1,0,1
3940,4611,39760,CARD,0,1,0,1,1
4579,1160,10082,CARD,1,0,1,0,1
4004,9419,14346,UPI,0,1,0,1,1
4589,6511,30997,UPI,1,0,1,0,1
9085,1858,16239,NETBANKING,1,1,1,1,1
4026,9113,20022,NETBANKING,1,0,1,0,1
5243,9617,39105,UPI,0,1,0,1,1
4436,4032,29018,CARD,0,0,0,0,0
1329,4041,35851,NETBANKING,0,0,0,0,0
8221,4486,22297,NETBANKING,1,1,1,1,1
2285,5372,8946,UPI,1,0,1,0,1
4546,9044,13884,CARD,1,1,1,1,1
3722,6195,17462,CARD,1,0,1,0,1
5069,5799,42104,CARD,0,0,0,0,0
7188,7458,8693,CARD,1,0,1,0,1
4365,2006,3236,NETBANKING,0,1,0,1,1
6298,5944,247,NETBANKING,1,1,1,1,1
6245,1665,4541,UPI,0,0,0,0,0
5162,3926,478,CARD,0,1,0,1,1
4817,8185,7481,NETBANKING,1,1,1,1,1
8982,8442,32885,UPI,1,0,1,0,1
3562,2273,46778,CARD,1,0,1,0,1
2200,3788,1009,UPI,1,0,1,0,1
4205,9025,33286,CARD,0,0,0,0,0
2771,7055,4934,NETBANKING,0,0,0,0,0
3998,5275,35475,CARD,0,0,0,0,0
3647,2465,48401,UPI,1,0,1,0,1
5440,2917,14593,NETBANKING,0,0,0,0,0
7329,2489,38143,NETBANKING,1,0,1,0,1
8865,4754,12122,CARD,1,0,1,0,1
5442,6015,22124,NETBANKING,0,1,0,1,1
2638,7001,40358,UPI,0,1,0,1,1
9738,8356,30531,UPI,0,0,0,0,0
4609,5951,49250,NETBANKING,1,1,1,1,1
3654,5984,5126,CARD,0,1,0,1,1
8942,1257,16577,CARD,1,0,1,0,1
1266,7219,49705,NETBANKING,1,1,1,1,1
4359,8219,34117,CARD,0,1,0,1,1
2587,3293,31509,UPI,0,1,0,1,1
5065,2631,20816,NETBANKING,1,1,1,1,1
6900,3071,44776,UPI,0,0,0,0,0
2942,2971,20696,CARD,1,0,1,0,1
6128,6479,9815,UPI,1,0,1,0,1
4725,3120,10706,NETBANKING,1,0,1,0,1
4262,8125,41526,NETBANKING,1,1,1,1,1
6698,4428,10266,CARD,1,1,1,1,1
5208,5687,18271,CARD,1,1,1,1,1
2012,1063,40682,CARD,0,1,0,1,1
8046,8773,30656,NETBANKING,0,0,0,0,0
4294,5096,18219,NETBANKING,1,0,1,0,1
3733,8084,2836,NETBANKING,0,1,0,1,1
6772,9878,28663,UPI,0,1,0,1,1
9357,6609,41804,UPI,1,0,1,0,1
6403,8339,188,NETBANKING,1,0,1,0,1
6855,9249,49435,UPI,0,0,0,0,0
3465,5957,31637,UPI,0,0,0,0,0
1238,5593,35192,UPI,1,0,1,0,1
9287,3754,1012,CARD,0,0,0,0,0
7635,3075,22159,UPI,1,1,1,1,1
3923,7716,45918,CARD,0,1,0,1,1
8524,1918,8508,NETBANKING,1,1,1,1,1
9102,4383,22601,NETBANKING,1,0,1,0,1
1689,9193,38226,UPI,1,1,1,1,1
3243,6452,42490,NETBANKING,1,1,1,1,1
1112,4906,31077,NETBANKING,1,0,1,0,1
1752,4357,12306,UPI,0,0,0,0,0
1846,1767,47364,UPI,1,1,1,1,1
8927,6902,12095,UPI,1,1,1,1,1
7438,8177,12585,UPI,0,1,0,1,1
5427,7616,31426,UPI,0,1,0,1,1
5048,4898,27455,NETBANKING,0,0,0,0,0
1152,7040,8208,UPI,1,0,1,0,1
7154,7360,8347,UPI,0,0,0,0,0
5072,2458,9459,UPI,0,0,0,0,0
6385,5601,27714,CARD,0,0,0,0,0
6135,3771,14029,NETBANKING,1,1,1,1,1
8119,7431,33955,NETBANKING,1,1,1,1,1
7615,5903,13816,UPI,0,1,0,1,1
7650,1217,16804,CARD,1,0,1,0,1
4638,7315,32894,NETBANKING,1,1,1,1,1
9345,6178,11095,CARD,1,1,1,1,1
3525,3167,37663,UPI,1,1,1,1,1
5277,7230,32071,NETBANKING,0,1,0,1,1
5172,4664,30784,NETBANKING,1,1,1,1,1
8117,1353,38823,UPI,0,1,0,1,1
8454,8783,9344,CARD,1,0,1,0,1
1799,4567,36481,UPI,1,0,1,0,1
4551,5975,47033,CARD,0,0,0,0,0
7882,6102,11545,UPI,0,1,0,1,1
7568,6016,10963,NETBANKING,1,0,1,0,1
7818,8820,33976,NETBANKING,1,0,1,0,1
6716,8757,13060,CARD,1,1,1,1,1
7057,2711,34884,NETBANKING,0,1,0,1,1
2487,1231,29789,UPI,0,0,0,0,0
5668,1850,45868,UPI,0,1,0,1,1
5666,6721,41928,CARD,1,1,1,1,1
1769,1926,10796,NETBANKING,1,1,1,1,1
5600,7770,20050,UPI,1,0,1,0,1
8303,6664,36958,UPI,0,0,0,0,0
3298,1346,27846,CARD,0,1,0,1,1
3284,4398,22593,CARD,0,1,0,1,1
6740,5965,8566,NETBANKING,1,0,1,0,1
5608,5504,34175,UPI,0,1,0,1,1
8097,1412,12530,NETBANKING,0,0,0,0,0
2492,1003,5209,UPI,0,1,0,1,1
4721,2038,23328,UPI,0,0,0,0,0
2192,1870,7600,NETBANKING,0,1,0,1,1
4139,6691,29099,CARD,1,0,1,0,1
8209,7920,25654,UPI,0,1,0,1,1
4997,3901,14861,NETBANKING,0,1,0,1,1
4034,4089,21420,UPI,1,1,1,1,1
4236,8785,36857,CARD,0,0,0,0,0
5822,3178,4597,UPI,0,1,0,1,1
1323,3460,24627,NETBANKING,0,1,0,1,1
1651,9359,18187,UPI,1,0,1,0,1
8857,9660,310,CARD,1,0,1,0,1
4626,7326,30489,UPI,1,1,1,1,1
6344,8976,49845,UPI,0,1,0,1,1
2818,3582,12035,NETBANKING,0,1,0,1,1
4047,7201,21679,UPI,1,0,1,0,1
9509,7867,5222,CARD,1,0,1,0,1
6012,3598,37979,UPI,0,0,0,0,0
3232,1242,48560,CARD,0,0,0,0,0
5428,8068,47190,UPI,0,0,0,0,0
7592,7947,24062,NETBANKING,0,0,0,0,0
1494,5175,6216,NETBANKING,0,0,0,0,0
8193,8242,27634,NETBANKING,0,1,0,1,1
7057,2121,4098,NETBANKING,1,1,1,1,1
9379,5362,17999,NETBANKING,1,0,1,0,1
8834,9407,42417,CARD,1,0,1,0,1
9011,7517,10968,UPI,1,1,1,1,1
1165,1754,11213,NETBANKING,1,1,1,1,1
4785,3443,49072,CARD,0,0,0,0,0
1266,5426,44257,NETBANKING,0,1,0,1,1
9088,5818,41636,CARD,0,0,0,0,0
2924,6461,22931,NETBANKING,1,0,1,0,1
5912,1993,31420,UPI,1,0,1,0,1
2436,4759,47812,CARD,0,0,0,0,0
8573,8439,48564,CARD,1,0,1,0,1
2600,1818,18424,NETBANKING,1,1,1,1,1
8461,6607,18121,UPI,1,0,1,0,1
6176,9191,20769,UPI,1,0,1,0,1
2924,7768,36883,UPI,1,0,1,0,1
6708,8341,24045,CARD,1,0,1,0,1
9832,4296,30652,CARD,1,1,1,1,1
6649,2517,47633,NETBANKING,0,1,0,1,1
1136,5064,3094,NETBANKING,1,1,1,1,1
9982,1763,12437,UPI,1,0,1,0,1
4614,4613,41447,CARD,1,1,1,1,1
6025,1439,41943,UPI,1,0,1,0,1
9026,2666,17818,NETBANKING,0,1,0,1,1
7926,2703,20644,CARD,0,0,0,0,0
7825,6277,21265,UPI,0,1,0,1,1
8897,7991,11297,CARD,0,0,0,0,0
1838,4594,45974,CARD,1,1,1,1,1
9131,6584,21785,NETBANKING,0,0,0,0,0
2304,6759,21729,CARD,0,1,0,1,1
2993,5172,3459,UPI,0,0,0,0,0
4620,5869,6105,NETBANKING,0,1,0,1,1
6069,8622,30156,CARD,0,1,0,1,1
9165,6507,31568,NETBANKING,1,0,1,0,1
5354,9829,49561,CARD,0,0,0,0,0
4687,8756,20878,UPI,1,0,1,0,1
3165,3892,31648,CARD,0,1,0,1,1
2783,2764,38589,CARD,1,1,1,1,1
7352,3082,33432,CARD,0,0,0,0,0
4460,2178,40367,CARD,1,1,1,1,1
8660,4627,4412,CARD,1,0,1,0,1
9253,5699,1589,UPI,1,0,1,0,1
6594,5045,40920,CARD,1,1,1,1,1
4764,5416,22967,CARD,1,1,1,1,1
3421,6866,43124,CARD,0,1,0,1,1
3317,1700,11474,UPI,1,1,1,1,1
6863,5544,6059,NETBANKING,1,1,1,1,1
5679,6503,7229,UPI,0,0,0,0,0
7234,8566,49086,CARD,1,0,1,0,1
6151,9085,26718,UPI,1,0,1,0,1
3313,9386,47258,CARD,1,0,1,0,1
8643,7615,42958,CARD,0,0,0,0,0
6677,1629,8908,UPI,0,1,0,1,1
6088,7924,35103,UPI,1,1,1,1,1
5997,1407,2215,CARD,0,0,0,0,0
5163,5519,38901,CARD,1,0,1,0,1
9270,3769,42661,NETBANKING,0,1,0,1,1
4910,5166,47624,UPI,1,1,1,1,1
4902,6279,31004,CARD,1,0,1,0,1
5843,6284,27784,NETBANKING,1,1,1,1,1
9126,9948,7718,NETBANKING,0,1,0,1,1
4736,7699,40483,CARD,0,1,0,1,1
1893,9958,16858,CARD,1,0,1,0,1
9906,1818,37052,NETBANKING,1,0,1,0,1
1644,4458,41998,CARD,1,1,1,1,1
7404,1602,31390,CARD,1,0,1,0,1
1998,1479,28717,CARD,0,0,0,0,0
5471,4247,46972,UPI,0,0,0,0,0
4265,7611,29942,CARD,0,0,0,0,0
8826,1315,47366,NETBANKING,0,1,0,1,1
2864,1646,22335,NETBANKING,1,1,1,1,1
9227,4146,34970,NETBANKING,1,0,1,0,1
8929,4977,38412,CARD,1,0,1,0,1
4598,5604,1559,UPI,1,0,1,0,1
7527,2660,14193,CARD,1,1,1,1,1
1028,3011,49071,NETBANKING,0,0,0,0,0
7753,8318,14202,UPI,0,0,0,0,0
1084,8399,17742,NETBANKING,1,0,1,0,1
7790,6129,17641,CARD,1,0,1,0,1
9527,3837,17709,NETBANKING,1,0,1,0,1
3163,2143,7141,NETBANKING,0,0,0,0,0
3926,9045,19491,NETBANKING,1,0,1,0,1
3969,8771,13173,CARD,1,0,1,0,1
8220,2014,9845,UPI,0,0,0,0,0
5093,8377,44294,UPI,0,1,0,1,1
9871,8880,30004,CARD,1,1,1,1,1
4642,7717,41344,NETBANKING,1,0,1,0,1
5558,5571,5842,NETBANKING,1,0,1,0,1
4896,4811,32548,UPI,1,0,1,0,1
1895,5724,15275,CARD,0,1,0,1,1
7728,4463,46710,NETBANKING,0,0,0,0,0
7492,6806,44989,UPI,0,1,0,1,1
8401,2071,31312,CARD,0,1,0,1,1
1453,8693,3904,NETBANKING,1,0,1,0,1
8935,7394,4375,CARD,1,0,1,0,1
3891,5330,48882,NETBANKING,0,1,0,1,1
1914,5355,24276,UPI,0,1,0,1,1
4414,5459,20232,UPI,0,1,0,1,1
8660,4642,27252,NETBANKING,1,1,1,1,1
8973,3479,17526,NETBANKING,0,1,0,1,1
2065,2018,33444,UPI,0,0,0,0,0
4541,6402,40429,UPI,0,0,0,0,0
3275,4146,25506,UPI,1,0,1,0,1
7224,2706,14644,NETBANKING,1,1,1,1,1
6448,3379,6985,UPI,1,1,1,1,1
9619,4690,29160,UPI,0,1,0,1,1
4673,8355,134,CARD,0,1,0,1,1
2562,2437,39669,CARD,1,0,1,0,1
7588,2078,32482,CARD,0,0,0,0,0
4598,1536,3530,NETBANKING,0,1,0,1,1
2044,7772,36422,CARD,0,0,0,0,0
7350,2967,35854,UPI,0,1,0,1,1
1122,3136,35544,NETBANKING,1,0,1,0,1
5882,6258,3470,UPI,1,0,1,0,1
2222,5902,28187,UPI,1,1,1,1,1
7507,2415,36886,CARD,1,0,1,0,1
